OBJECTID,GEO_ID,GEO_ID2,SUMLEVEL,County,TPOP2008,TPOP2005,THHL2008,THHL2005,THHL2000,TPOP2000,FIPS
1,05000US45001,45001,50,"Abbeville County, South Carolina",25404,25656,11930,11880,11656,26167,45001
2,05000US45003,45003,50,"Aiken County, South Carolina",154071,148528,69046,66115,61987,142552,45003
3,05000US45005,45005,50,"Allendale County, South Carolina",10447,10727,4610,4631,4568,11211,45005
4,05000US45007,45007,50,"Anderson County, South Carolina",182825,174232,83276,79350,73213,165740,45007
5,05000US45009,45009,50,"Bamberg County, South Carolina",15307,15727,7175,7208,7130,16658,45009
6,05000US45011,45011,50,"Barnwell County, South Carolina",22872,23041,10234,10283,10191,23478,45011
7,05000US45013,45013,50,"Beaufort County, South Carolina",150415,138969,83362,73809,60509,120937,45013
8,05000US45015,45015,50,"Berkeley County, South Carolina",169327,152688,67256,61274,54717,142651,45015
9,05000US45017,45017,50,"Calhoun County, South Carolina",14583,14862,7352,7259,6864,15185,45017
10,05000US45019,45019,50,"Charleston County, South Carolina",348046,336865,172646,159679,141031,309969,45019
11,05000US45021,45021,50,"Cherokee County, South Carolina",54394,53496,23368,23123,22400,52537,45021
12,05000US45023,45023,50,"Chester County, South Carolina",32618,32887,14868,14748,14374,34068,45023
13,05000US45025,45025,50,"Chesterfield County, South Carolina",42882,42694,19570,19533,18818,42768,45025
14,05000US45027,45027,50,"Clarendon County, South Carolina",33149,32721,16284,15858,15303,32502,45027
15,05000US45029,45029,50,"Colleton County, South Carolina",39019,38926,19140,18813,18129,38264,45029
16,05000US45031,45031,50,"Darlington County, South Carolina",67031,66862,29974,29831,28942,67394,45031
17,05000US45033,45033,50,"Dillon County, South Carolina",30698,30690,12913,12879,12679,30722,45033
18,05000US45035,45035,50,"Dorchester County, South Carolina",127133,111609,48429,43150,37237,96413,45035
19,05000US45037,45037,50,"Edgefield County, South Carolina",25546,25377,9988,9698,9223,24595,45037
20,05000US45039,45039,50,"Fairfield County, South Carolina",23435,23677,10913,10759,10383,23454,45039
21,05000US45041,45041,50,"Florence County, South Carolina",132800,129808,55051,53182,51836,125761,45041
22,05000US45043,45043,50,"Georgetown County, South Carolina",60731,59464,33484,31600,28282,55797,45043
23,05000US45045,45045,50,"Greenville County, South Carolina",438119,405820,190020,178684,162803,379616,45045
24,05000US45047,45047,50,"Greenwood County, South Carolina",68549,67595,30035,29623,28243,66271,45047
25,05000US45049,45049,50,"Hampton County, South Carolina",21075,20982,8719,8700,8582,21386,45049
26,05000US45051,45051,50,"Horry County, South Carolina",257380,228254,172841,147225,122085,196629,45051
27,05000US45053,45053,50,"Jasper County, South Carolina",22330,21122,9203,8330,7928,20678,45053
28,05000US45055,45055,50,"Kershaw County, South Carolina",58901,55785,25983,24606,22683,52647,45055
29,05000US45057,45057,50,"Lancaster County, South Carolina",75913,69766,29727,28514,24962,61351,45057
30,05000US45059,45059,50,"Laurens County, South Carolina",69681,69328,31427,31241,30239,69567,45059
31,05000US45061,45061,50,"Lee County, South Carolina",19891,20210,7977,7865,7670,20119,45061
32,05000US45063,45063,50,"Lexington County, South Carolina",248518,232989,106582,99695,90978,216014,45063
33,05000US45065,45065,50,"McCormick County, South Carolina",10093,10003,4914,4776,4459,9958,45065
34,05000US45067,45067,50,"Marion County, South Carolina",33843,34404,15400,15408,15143,35466,45067
35,05000US45069,45069,50,"Marlboro County, South Carolina",28704,27587,11978,11996,11894,28818,45069
36,05000US45071,45071,50,"Newberry County, South Carolina",37823,36909,17678,17390,16805,36108,45071
37,05000US45073,45073,50,"Oconee County, South Carolina",71274,69225,38000,35585,32383,66215,45073
38,05000US45075,45075,50,"Orangeburg County, South Carolina",90336,90704,41269,40842,39304,91582,45075
39,05000US45077,45077,50,"Pickens County, South Carolina",116915,113566,51479,49922,46000,110757,45077
40,05000US45079,45079,50,"Richland County, South Carolina",364001,344739,156952,145839,129793,320677,45079
41,05000US45081,45081,50,"Saluda County, South Carolina",18625,18665,8815,8771,8543,19181,45081
42,05000US45083,45083,50,"Spartanburg County, South Carolina",280738,265282,122166,116789,106986,253791,45083
43,05000US45085,45085,50,"Sumter County, South Carolina",104148,104749,45795,43976,41751,104646,45085
44,05000US45087,45087,50,"Union County, South Carolina",27672,28245,13501,13529,13351,29881,45087
45,05000US45089,45089,50,"Williamsburg County, South Carolina",35090,34780,15799,15800,15552,37217,45089
46,05000US45091,45091,50,"York County, South Carolina",217448,189170,88998,79958,66061,164614,45091
