population2021,state_fips,county_fips,tract_fips,block_group_fips,year,source
2226,29,161,890100,1,2021,ACS 2021
935,29,161,890100,2,2021,ACS 2021
903,29,161,890100,3,2021,ACS 2021
826,29,161,890100,4,2021,ACS 2021
503,29,161,890200,1,2021,ACS 2021
526,29,161,890200,2,2021,ACS 2021
785,29,161,890200,3,2021,ACS 2021
487,29,161,890200,4,2021,ACS 2021
866,29,161,890200,5,2021,ACS 2021
818,29,161,890200,6,2021,ACS 2021
712,29,161,890200,7,2021,ACS 2021
973,29,161,890301,1,2021,ACS 2021
1490,29,161,890301,2,2021,ACS 2021
1102,29,161,890301,3,2021,ACS 2021
1409,29,161,890302,1,2021,ACS 2021
725,29,161,890302,2,2021,ACS 2021
1346,29,161,890302,3,2021,ACS 2021
1014,29,161,890401,1,2021,ACS 2021
819,29,161,890401,2,2021,ACS 2021
446,29,161,890401,3,2021,ACS 2021
1435,29,161,890401,4,2021,ACS 2021
1829,29,161,890402,1,2021,ACS 2021
1913,29,161,890500,1,2021,ACS 2021
708,29,161,890500,2,2021,ACS 2021
930,29,161,890500,3,2021,ACS 2021
865,29,161,890600,1,2021,ACS 2021
1027,29,161,890600,2,2021,ACS 2021
851,29,161,890600,3,2021,ACS 2021
1315,29,161,890700,1,2021,ACS 2021
754,29,161,890700,2,2021,ACS 2021
1097,29,161,890700,3,2021,ACS 2021
893,29,161,890800,1,2021,ACS 2021
849,29,161,890800,2,2021,ACS 2021
718,29,161,890800,3,2021,ACS 2021
818,29,161,890800,4,2021,ACS 2021
960,29,161,890900,1,2021,ACS 2021
871,29,161,890900,2,2021,ACS 2021
2505,29,161,890900,3,2021,ACS 2021
1272,29,161,891000,1,2021,ACS 2021
601,29,161,891000,2,2021,ACS 2021
1463,29,161,891000,3,2021,ACS 2021
2107,29,161,891000,4,2021,ACS 2021
